frames,emotion
/content/drive/MyDrive/ds/dataset/S001/001/frames/,7
/content/drive/MyDrive/ds/dataset/S002/001/frames/,2
/content/drive/MyDrive/ds/dataset/S002/002/frames/,5
/content/drive/MyDrive/ds/dataset/S003/001/frames/,5
/content/drive/MyDrive/ds/dataset/S004/001/frames/,5
/content/drive/MyDrive/ds/dataset/S005/001/frames/,0
/content/drive/MyDrive/ds/dataset/S006/001/frames/,0
/content/drive/MyDrive/ds/dataset/S007/001/frames/,2
/content/drive/MyDrive/ds/dataset/S008/001/frames/,5
/content/drive/MyDrive/ds/dataset/S008/002/frames/,5
/content/drive/MyDrive/ds/dataset/S009/001/frames/,5
/content/drive/MyDrive/ds/dataset/S009/002/frames/,5
/content/drive/MyDrive/ds/dataset/S009/003/frames/,5
/content/drive/MyDrive/ds/dataset/S009/004/frames/,7
/content/drive/MyDrive/ds/dataset/S009/005/frames/,3
/content/drive/MyDrive/ds/dataset/S009/006/frames/,5
/content/drive/MyDrive/ds/dataset/S009/007/frames/,0
/content/drive/MyDrive/ds/dataset/S009/008/frames/,5
/content/drive/MyDrive/ds/dataset/S009/009/frames/,3
/content/drive/MyDrive/ds/dataset/S009/010/frames/,5
/content/drive/MyDrive/ds/dataset/S009/011/frames/,5
/content/drive/MyDrive/ds/dataset/S009/012/frames/,1
/content/drive/MyDrive/ds/dataset/S010/001/frames/,6
/content/drive/MyDrive/ds/dataset/S010/002/frames/,6
/content/drive/MyDrive/ds/dataset/S010/003/frames/,1
/content/drive/MyDrive/ds/dataset/S010/004/frames/,1
/content/drive/MyDrive/ds/dataset/S011/001/frames/,7
/content/drive/MyDrive/ds/dataset/S012/001/frames/,1
/content/drive/MyDrive/ds/dataset/S012/002/frames/,1
/content/drive/MyDrive/ds/dataset/S012/003/frames/,7
/content/drive/MyDrive/ds/dataset/S012/004/frames/,6
/content/drive/MyDrive/ds/dataset/S012/005/frames/,6
/content/drive/MyDrive/ds/dataset/S012/006/frames/,6
/content/drive/MyDrive/ds/dataset/S012/007/frames/,7
/content/drive/MyDrive/ds/dataset/S012/008/frames/,5
/content/drive/MyDrive/ds/dataset/S013/001/frames/,3
/content/drive/MyDrive/ds/dataset/S014/001/frames/,7
/content/drive/MyDrive/ds/dataset/S014/002/frames/,7
/content/drive/MyDrive/ds/dataset/S015/001/frames/,5
/content/drive/MyDrive/ds/dataset/S015/002/frames/,7
/content/drive/MyDrive/ds/dataset/S015/003/frames/,3
/content/drive/MyDrive/ds/dataset/S015/004/frames/,6
/content/drive/MyDrive/ds/dataset/S015/005/frames/,4
/content/drive/MyDrive/ds/dataset/S015/006/frames/,2
/content/drive/MyDrive/ds/dataset/S015/007/frames/,3
/content/drive/MyDrive/ds/dataset/S016/001/frames/,2
/content/drive/MyDrive/ds/dataset/S016/002/frames/,5
/content/drive/MyDrive/ds/dataset/S017/001/frames/,2
/content/drive/MyDrive/ds/dataset/S018/001/frames/,1
/content/drive/MyDrive/ds/dataset/S018/002/frames/,1
/content/drive/MyDrive/ds/dataset/S019/001/frames/,6
/content/drive/MyDrive/ds/dataset/S020/001/frames/,0
/content/drive/MyDrive/ds/dataset/S021/001/frames/,5
/content/drive/MyDrive/ds/dataset/S022/001/frames/,3
/content/drive/MyDrive/ds/dataset/S023/001/frames/,1
/content/drive/MyDrive/ds/dataset/S023/002/frames/,0
/content/drive/MyDrive/ds/dataset/S024/001/frames/,1
/content/drive/MyDrive/ds/dataset/S024/002/frames/,1
/content/drive/MyDrive/ds/dataset/S025/001/frames/,5
/content/drive/MyDrive/ds/dataset/S025/002/frames/,4
/content/drive/MyDrive/ds/dataset/S025/003/frames/,4
/content/drive/MyDrive/ds/dataset/S025/004/frames/,0
/content/drive/MyDrive/ds/dataset/S025/005/frames/,6
/content/drive/MyDrive/ds/dataset/S026/001/frames/,2
/content/drive/MyDrive/ds/dataset/S026/002/frames/,1
/content/drive/MyDrive/ds/dataset/S027/001/frames/,5
/content/drive/MyDrive/ds/dataset/S028/001/frames/,1
/content/drive/MyDrive/ds/dataset/S028/002/frames/,7
/content/drive/MyDrive/ds/dataset/S029/001/frames/,3
/content/drive/MyDrive/ds/dataset/S030/001/frames/,4
/content/drive/MyDrive/ds/dataset/S031/001/frames/,2
/content/drive/MyDrive/ds/dataset/S032/001/frames/,0
/content/drive/MyDrive/ds/dataset/S032/002/frames/,1
/content/drive/MyDrive/ds/dataset/S032/003/frames/,0
/content/drive/MyDrive/ds/dataset/S032/004/frames/,0
/content/drive/MyDrive/ds/dataset/S032/005/frames/,0
/content/drive/MyDrive/ds/dataset/S032/006/frames/,0
/content/drive/MyDrive/ds/dataset/S032/007/frames/,6
/content/drive/MyDrive/ds/dataset/S032/008/frames/,4
/content/drive/MyDrive/ds/dataset/S032/009/frames/,6
/content/drive/MyDrive/ds/dataset/S032/010/frames/,6
/content/drive/MyDrive/ds/dataset/S032/011/frames/,7
/content/drive/MyDrive/ds/dataset/S032/012/frames/,1
/content/drive/MyDrive/ds/dataset/S032/013/frames/,4
/content/drive/MyDrive/ds/dataset/S032/014/frames/,1
/content/drive/MyDrive/ds/dataset/S032/015/frames/,1
/content/drive/MyDrive/ds/dataset/S032/016/frames/,0
/content/drive/MyDrive/ds/dataset/S032/017/frames/,0
/content/drive/MyDrive/ds/dataset/S032/018/frames/,1
/content/drive/MyDrive/ds/dataset/S032/019/frames/,1
/content/drive/MyDrive/ds/dataset/S032/020/frames/,1
/content/drive/MyDrive/ds/dataset/S032/021/frames/,0
/content/drive/MyDrive/ds/dataset/S032/022/frames/,2
/content/drive/MyDrive/ds/dataset/S032/023/frames/,0
/content/drive/MyDrive/ds/dataset/S032/024/frames/,1
/content/drive/MyDrive/ds/dataset/S032/025/frames/,7
/content/drive/MyDrive/ds/dataset/S033/001/frames/,0
/content/drive/MyDrive/ds/dataset/S033/002/frames/,5
/content/drive/MyDrive/ds/dataset/S033/003/frames/,2
/content/drive/MyDrive/ds/dataset/S034/001/frames/,5
/content/drive/MyDrive/ds/dataset/S034/002/frames/,7
/content/drive/MyDrive/ds/dataset/S034/003/frames/,3
/content/drive/MyDrive/ds/dataset/S035/001/frames/,1
/content/drive/MyDrive/ds/dataset/S035/002/frames/,1
/content/drive/MyDrive/ds/dataset/S035/003/frames/,6
/content/drive/MyDrive/ds/dataset/S035/004/frames/,1
/content/drive/MyDrive/ds/dataset/S036/001/frames/,5
/content/drive/MyDrive/ds/dataset/S037/001/frames/,5
/content/drive/MyDrive/ds/dataset/S037/002/frames/,5
/content/drive/MyDrive/ds/dataset/S038/001/frames/,0
/content/drive/MyDrive/ds/dataset/S039/001/frames/,4
/content/drive/MyDrive/ds/dataset/S039/002/frames/,0
/content/drive/MyDrive/ds/dataset/S039/003/frames/,7
/content/drive/MyDrive/ds/dataset/S040/001/frames/,1
/content/drive/MyDrive/ds/dataset/S040/002/frames/,0
/content/drive/MyDrive/ds/dataset/S041/001/frames/,5
/content/drive/MyDrive/ds/dataset/S042/001/frames/,0
/content/drive/MyDrive/ds/dataset/S042/002/frames/,0
/content/drive/MyDrive/ds/dataset/S042/003/frames/,0
/content/drive/MyDrive/ds/dataset/S042/004/frames/,5
/content/drive/MyDrive/ds/dataset/S042/005/frames/,4
/content/drive/MyDrive/ds/dataset/S043/001/frames/,6
/content/drive/MyDrive/ds/dataset/S043/002/frames/,6
/content/drive/MyDrive/ds/dataset/S044/001/frames/,6
/content/drive/MyDrive/ds/dataset/S044/002/frames/,6
/content/drive/MyDrive/ds/dataset/S044/003/frames/,6
/content/drive/MyDrive/ds/dataset/S044/004/frames/,0
/content/drive/MyDrive/ds/dataset/S045/001/frames/,6
/content/drive/MyDrive/ds/dataset/S045/002/frames/,5
/content/drive/MyDrive/ds/dataset/S046/001/frames/,5
/content/drive/MyDrive/ds/dataset/S046/002/frames/,5
/content/drive/MyDrive/ds/dataset/S046/003/frames/,0
/content/drive/MyDrive/ds/dataset/S046/004/frames/,1
/content/drive/MyDrive/ds/dataset/S046/005/frames/,1
/content/drive/MyDrive/ds/dataset/S047/001/frames/,5
/content/drive/MyDrive/ds/dataset/S047/002/frames/,5
/content/drive/MyDrive/ds/dataset/S047/003/frames/,5
/content/drive/MyDrive/ds/dataset/S047/004/frames/,3
/content/drive/MyDrive/ds/dataset/S047/005/frames/,5
/content/drive/MyDrive/ds/dataset/S048/001/frames/,6
/content/drive/MyDrive/ds/dataset/S048/002/frames/,6
/content/drive/MyDrive/ds/dataset/S048/003/frames/,1
/content/drive/MyDrive/ds/dataset/S049/001/frames/,3
/content/drive/MyDrive/ds/dataset/S049/002/frames/,6
/content/drive/MyDrive/ds/dataset/S049/003/frames/,0
/content/drive/MyDrive/ds/dataset/S049/004/frames/,0
/content/drive/MyDrive/ds/dataset/S050/001/frames/,2
/content/drive/MyDrive/ds/dataset/S051/001/frames/,7
/content/drive/MyDrive/ds/dataset/S051/002/frames/,5
/content/drive/MyDrive/ds/dataset/S051/003/frames/,3
/content/drive/MyDrive/ds/dataset/S051/004/frames/,5
/content/drive/MyDrive/ds/dataset/S051/005/frames/,4
/content/drive/MyDrive/ds/dataset/S051/006/frames/,4
/content/drive/MyDrive/ds/dataset/S051/007/frames/,4
/content/drive/MyDrive/ds/dataset/S051/008/frames/,4
/content/drive/MyDrive/ds/dataset/S051/009/frames/,3
/content/drive/MyDrive/ds/dataset/S051/010/frames/,5
/content/drive/MyDrive/ds/dataset/S051/011/frames/,1
/content/drive/MyDrive/ds/dataset/S051/012/frames/,5
/content/drive/MyDrive/ds/dataset/S051/013/frames/,5
/content/drive/MyDrive/ds/dataset/S051/014/frames/,7
/content/drive/MyDrive/ds/dataset/S051/015/frames/,4
/content/drive/MyDrive/ds/dataset/S051/016/frames/,6
/content/drive/MyDrive/ds/dataset/S052/001/frames/,1
/content/drive/MyDrive/ds/dataset/S053/001/frames/,4
/content/drive/MyDrive/ds/dataset/S053/002/frames/,5
/content/drive/MyDrive/ds/dataset/S053/003/frames/,0
/content/drive/MyDrive/ds/dataset/S054/001/frames/,1
/content/drive/MyDrive/ds/dataset/S055/001/frames/,5
/content/drive/MyDrive/ds/dataset/S055/002/frames/,2
/content/drive/MyDrive/ds/dataset/S055/003/frames/,1
/content/drive/MyDrive/ds/dataset/S055/004/frames/,6
/content/drive/MyDrive/ds/dataset/S055/005/frames/,6
/content/drive/MyDrive/ds/dataset/S055/006/frames/,6
/content/drive/MyDrive/ds/dataset/S055/007/frames/,6
/content/drive/MyDrive/ds/dataset/S055/008/frames/,6
/content/drive/MyDrive/ds/dataset/S055/009/frames/,6
/content/drive/MyDrive/ds/dataset/S055/010/frames/,6
/content/drive/MyDrive/ds/dataset/S055/011/frames/,6
/content/drive/MyDrive/ds/dataset/S056/001/frames/,5
/content/drive/MyDrive/ds/dataset/S057/001/frames/,5
/content/drive/MyDrive/ds/dataset/S057/002/frames/,1
/content/drive/MyDrive/ds/dataset/S057/003/frames/,1
/content/drive/MyDrive/ds/dataset/S057/004/frames/,7
/content/drive/MyDrive/ds/dataset/S057/005/frames/,6
/content/drive/MyDrive/ds/dataset/S057/006/frames/,6
/content/drive/MyDrive/ds/dataset/S057/007/frames/,6
/content/drive/MyDrive/ds/dataset/S057/008/frames/,1
/content/drive/MyDrive/ds/dataset/S057/009/frames/,5
/content/drive/MyDrive/ds/dataset/S057/010/frames/,1
/content/drive/MyDrive/ds/dataset/S057/011/frames/,0
/content/drive/MyDrive/ds/dataset/S057/012/frames/,0
/content/drive/MyDrive/ds/dataset/S057/013/frames/,2
/content/drive/MyDrive/ds/dataset/S057/014/frames/,5
/content/drive/MyDrive/ds/dataset/S057/015/frames/,3
/content/drive/MyDrive/ds/dataset/S057/016/frames/,3
/content/drive/MyDrive/ds/dataset/S058/001/frames/,1
/content/drive/MyDrive/ds/dataset/S058/002/frames/,1
/content/drive/MyDrive/ds/dataset/S058/003/frames/,1
/content/drive/MyDrive/ds/dataset/S058/004/frames/,1
/content/drive/MyDrive/ds/dataset/S058/005/frames/,1
/content/drive/MyDrive/ds/dataset/S058/006/frames/,1
/content/drive/MyDrive/ds/dataset/S058/007/frames/,1
/content/drive/MyDrive/ds/dataset/S058/008/frames/,1
/content/drive/MyDrive/ds/dataset/S059/001/frames/,7
/content/drive/MyDrive/ds/dataset/S060/001/frames/,2
/content/drive/MyDrive/ds/dataset/S060/002/frames/,7
/content/drive/MyDrive/ds/dataset/S061/001/frames/,5
/content/drive/MyDrive/ds/dataset/S061/002/frames/,5
/content/drive/MyDrive/ds/dataset/S061/003/frames/,7
/content/drive/MyDrive/ds/dataset/S061/004/frames/,5
/content/drive/MyDrive/ds/dataset/S061/005/frames/,0
/content/drive/MyDrive/ds/dataset/S061/006/frames/,7
/content/drive/MyDrive/ds/dataset/S061/007/frames/,0
/content/drive/MyDrive/ds/dataset/S061/008/frames/,1
/content/drive/MyDrive/ds/dataset/S061/009/frames/,0
/content/drive/MyDrive/ds/dataset/S061/010/frames/,0
/content/drive/MyDrive/ds/dataset/S061/011/frames/,0
/content/drive/MyDrive/ds/dataset/S061/012/frames/,1
/content/drive/MyDrive/ds/dataset/S061/013/frames/,0
/content/drive/MyDrive/ds/dataset/S061/014/frames/,1
/content/drive/MyDrive/ds/dataset/S061/015/frames/,5
/content/drive/MyDrive/ds/dataset/S062/001/frames/,5
/content/drive/MyDrive/ds/dataset/S063/001/frames/,7
/content/drive/MyDrive/ds/dataset/S063/002/frames/,1
/content/drive/MyDrive/ds/dataset/S064/001/frames/,0
/content/drive/MyDrive/ds/dataset/S064/002/frames/,5
/content/drive/MyDrive/ds/dataset/S064/003/frames/,6
/content/drive/MyDrive/ds/dataset/S065/001/frames/,0
/content/drive/MyDrive/ds/dataset/S065/002/frames/,0
/content/drive/MyDrive/ds/dataset/S065/003/frames/,1
/content/drive/MyDrive/ds/dataset/S065/004/frames/,1
/content/drive/MyDrive/ds/dataset/S065/005/frames/,1
/content/drive/MyDrive/ds/dataset/S066/001/frames/,7
/content/drive/MyDrive/ds/dataset/S066/002/frames/,7
/content/drive/MyDrive/ds/dataset/S066/003/frames/,7
/content/drive/MyDrive/ds/dataset/S066/004/frames/,7
/content/drive/MyDrive/ds/dataset/S066/005/frames/,7
/content/drive/MyDrive/ds/dataset/S066/006/frames/,7
/content/drive/MyDrive/ds/dataset/S066/007/frames/,6
/content/drive/MyDrive/ds/dataset/S066/008/frames/,0
/content/drive/MyDrive/ds/dataset/S066/009/frames/,5
/content/drive/MyDrive/ds/dataset/S066/010/frames/,4
/content/drive/MyDrive/ds/dataset/S066/011/frames/,5
/content/drive/MyDrive/ds/dataset/S067/001/frames/,3
/content/drive/MyDrive/ds/dataset/S068/001/frames/,6
/content/drive/MyDrive/ds/dataset/S068/002/frames/,6
/content/drive/MyDrive/ds/dataset/S069/001/frames/,7
/content/drive/MyDrive/ds/dataset/S069/002/frames/,3
/content/drive/MyDrive/ds/dataset/S070/001/frames/,7
/content/drive/MyDrive/ds/dataset/S071/001/frames/,4
/content/drive/MyDrive/ds/dataset/S071/002/frames/,6
/content/drive/MyDrive/ds/dataset/S072/001/frames/,0
/content/drive/MyDrive/ds/dataset/S073/001/frames/,4
/content/drive/MyDrive/ds/dataset/S073/002/frames/,1
/content/drive/MyDrive/ds/dataset/S074/001/frames/,5
/content/drive/MyDrive/ds/dataset/S075/001/frames/,5
/content/drive/MyDrive/ds/dataset/S076/001/frames/,0
/content/drive/MyDrive/ds/dataset/S077/001/frames/,1
/content/drive/MyDrive/ds/dataset/S078/001/frames/,6
/content/drive/MyDrive/ds/dataset/S079/001/frames/,1
/content/drive/MyDrive/ds/dataset/S079/002/frames/,4
/content/drive/MyDrive/ds/dataset/S079/003/frames/,4
/content/drive/MyDrive/ds/dataset/S079/004/frames/,6
/content/drive/MyDrive/ds/dataset/S080/001/frames/,0
/content/drive/MyDrive/ds/dataset/S081/001/frames/,1
/content/drive/MyDrive/ds/dataset/S081/002/frames/,6
/content/drive/MyDrive/ds/dataset/S081/003/frames/,1
/content/drive/MyDrive/ds/dataset/S082/001/frames/,6
/content/drive/MyDrive/ds/dataset/S082/002/frames/,6
/content/drive/MyDrive/ds/dataset/S082/003/frames/,6
/content/drive/MyDrive/ds/dataset/S082/004/frames/,6
/content/drive/MyDrive/ds/dataset/S082/005/frames/,2
/content/drive/MyDrive/ds/dataset/S083/001/frames/,1
/content/drive/MyDrive/ds/dataset/S083/002/frames/,6
/content/drive/MyDrive/ds/dataset/S083/003/frames/,1
/content/drive/MyDrive/ds/dataset/S083/004/frames/,5
/content/drive/MyDrive/ds/dataset/S083/005/frames/,1
/content/drive/MyDrive/ds/dataset/S083/006/frames/,5
/content/drive/MyDrive/ds/dataset/S083/007/frames/,5
/content/drive/MyDrive/ds/dataset/S084/001/frames/,1
/content/drive/MyDrive/ds/dataset/S084/002/frames/,7
/content/drive/MyDrive/ds/dataset/S084/003/frames/,7
/content/drive/MyDrive/ds/dataset/S084/004/frames/,7
/content/drive/MyDrive/ds/dataset/S084/005/frames/,1
/content/drive/MyDrive/ds/dataset/S084/006/frames/,1
/content/drive/MyDrive/ds/dataset/S084/007/frames/,7
/content/drive/MyDrive/ds/dataset/S084/008/frames/,7
/content/drive/MyDrive/ds/dataset/S084/009/frames/,1
/content/drive/MyDrive/ds/dataset/S084/010/frames/,0
/content/drive/MyDrive/ds/dataset/S084/011/frames/,5
/content/drive/MyDrive/ds/dataset/S085/001/frames/,5
/content/drive/MyDrive/ds/dataset/S085/002/frames/,5
/content/drive/MyDrive/ds/dataset/S085/003/frames/,5
/content/drive/MyDrive/ds/dataset/S086/001/frames/,0
/content/drive/MyDrive/ds/dataset/S086/002/frames/,6
/content/drive/MyDrive/ds/dataset/S087/001/frames/,6
/content/drive/MyDrive/ds/dataset/S087/002/frames/,1
/content/drive/MyDrive/ds/dataset/S088/001/frames/,0
/content/drive/MyDrive/ds/dataset/S088/002/frames/,0
/content/drive/MyDrive/ds/dataset/S088/003/frames/,0
/content/drive/MyDrive/ds/dataset/S088/004/frames/,0
/content/drive/MyDrive/ds/dataset/S088/005/frames/,7
/content/drive/MyDrive/ds/dataset/S088/006/frames/,5
/content/drive/MyDrive/ds/dataset/S088/007/frames/,0
/content/drive/MyDrive/ds/dataset/S088/008/frames/,0
/content/drive/MyDrive/ds/dataset/S088/009/frames/,5
/content/drive/MyDrive/ds/dataset/S088/010/frames/,7
/content/drive/MyDrive/ds/dataset/S088/011/frames/,7
/content/drive/MyDrive/ds/dataset/S089/001/frames/,6
/content/drive/MyDrive/ds/dataset/S090/001/frames/,5
/content/drive/MyDrive/ds/dataset/S091/001/frames/,4
/content/drive/MyDrive/ds/dataset/S091/002/frames/,4
/content/drive/MyDrive/ds/dataset/S092/001/frames/,5
/content/drive/MyDrive/ds/dataset/S092/002/frames/,5
/content/drive/MyDrive/ds/dataset/S093/001/frames/,4
/content/drive/MyDrive/ds/dataset/S093/002/frames/,1
/content/drive/MyDrive/ds/dataset/S094/001/frames/,5
/content/drive/MyDrive/ds/dataset/S095/001/frames/,7
/content/drive/MyDrive/ds/dataset/S095/002/frames/,5
/content/drive/MyDrive/ds/dataset/S096/001/frames/,4
/content/drive/MyDrive/ds/dataset/S096/002/frames/,4
/content/drive/MyDrive/ds/dataset/S096/003/frames/,7
/content/drive/MyDrive/ds/dataset/S096/004/frames/,1
/content/drive/MyDrive/ds/dataset/S096/005/frames/,1
/content/drive/MyDrive/ds/dataset/S097/001/frames/,5
/content/drive/MyDrive/ds/dataset/S098/001/frames/,4
/content/drive/MyDrive/ds/dataset/S099/001/frames/,5
/content/drive/MyDrive/ds/dataset/S099/002/frames/,5
/content/drive/MyDrive/ds/dataset/S099/003/frames/,5
/content/drive/MyDrive/ds/dataset/S100/001/frames/,0
/content/drive/MyDrive/ds/dataset/S100/002/frames/,7
/content/drive/MyDrive/ds/dataset/S101/001/frames/,0
/content/drive/MyDrive/ds/dataset/S101/002/frames/,0
/content/drive/MyDrive/ds/dataset/S102/001/frames/,5
/content/drive/MyDrive/ds/dataset/S102/002/frames/,0
/content/drive/MyDrive/ds/dataset/S103/001/frames/,6
/content/drive/MyDrive/ds/dataset/S104/001/frames/,5
/content/drive/MyDrive/ds/dataset/S104/002/frames/,5
/content/drive/MyDrive/ds/dataset/S104/003/frames/,5
/content/drive/MyDrive/ds/dataset/S104/004/frames/,5
/content/drive/MyDrive/ds/dataset/S104/005/frames/,5
/content/drive/MyDrive/ds/dataset/S104/006/frames/,5
/content/drive/MyDrive/ds/dataset/S104/007/frames/,6
/content/drive/MyDrive/ds/dataset/S105/001/frames/,5
/content/drive/MyDrive/ds/dataset/S106/001/frames/,5
/content/drive/MyDrive/ds/dataset/S107/001/frames/,0
/content/drive/MyDrive/ds/dataset/S108/001/frames/,4
/content/drive/MyDrive/ds/dataset/S109/001/frames/,7
/content/drive/MyDrive/ds/dataset/S110/001/frames/,5
/content/drive/MyDrive/ds/dataset/S111/001/frames/,4
/content/drive/MyDrive/ds/dataset/S112/001/frames/,0
/content/drive/MyDrive/ds/dataset/S113/001/frames/,0
/content/drive/MyDrive/ds/dataset/S113/002/frames/,1
/content/drive/MyDrive/ds/dataset/S114/001/frames/,0
/content/drive/MyDrive/ds/dataset/S115/001/frames/,5
/content/drive/MyDrive/ds/dataset/S116/001/frames/,5
/content/drive/MyDrive/ds/dataset/S117/001/frames/,5
/content/drive/MyDrive/ds/dataset/S118/001/frames/,1
/content/drive/MyDrive/ds/dataset/S119/001/frames/,5
/content/drive/MyDrive/ds/dataset/S120/001/frames/,5
/content/drive/MyDrive/ds/dataset/S121/001/frames/,4
/content/drive/MyDrive/ds/dataset/S122/001/frames/,1
/content/drive/MyDrive/ds/dataset/S123/001/frames/,5
/content/drive/MyDrive/ds/dataset/S124/001/frames/,7
/content/drive/MyDrive/ds/dataset/S125/001/frames/,6
/content/drive/MyDrive/ds/dataset/S126/001/frames/,0
/content/drive/MyDrive/ds/dataset/S127/001/frames/,2
/content/drive/MyDrive/ds/dataset/S128/001/frames/,1
/content/drive/MyDrive/ds/dataset/S129/001/frames/,5
/content/drive/MyDrive/ds/dataset/S130/001/frames/,6
/content/drive/MyDrive/ds/dataset/S131/001/frames/,7
/content/drive/MyDrive/ds/dataset/S131/002/frames/,1
/content/drive/MyDrive/ds/dataset/S132/001/frames/,6
/content/drive/MyDrive/ds/dataset/S132/002/frames/,2
/content/drive/MyDrive/ds/dataset/S133/001/frames/,4
/content/drive/MyDrive/ds/dataset/S134/001/frames/,0
/content/drive/MyDrive/ds/dataset/S134/002/frames/,0
/content/drive/MyDrive/ds/dataset/S135/001/frames/,6
/content/drive/MyDrive/ds/dataset/S135/002/frames/,1
/content/drive/MyDrive/ds/dataset/S135/003/frames/,1
/content/drive/MyDrive/ds/dataset/S136/001/frames/,0
/content/drive/MyDrive/ds/dataset/S137/001/frames/,0
/content/drive/MyDrive/ds/dataset/S138/001/frames/,0
/content/drive/MyDrive/ds/dataset/S138/002/frames/,1
/content/drive/MyDrive/ds/dataset/S139/001/frames/,5
/content/drive/MyDrive/ds/dataset/S140/001/frames/,6
/content/drive/MyDrive/ds/dataset/S141/001/frames/,2
/content/drive/MyDrive/ds/dataset/S142/001/frames/,1
/content/drive/MyDrive/ds/dataset/S143/001/frames/,1
/content/drive/MyDrive/ds/dataset/S144/001/frames/,0
/content/drive/MyDrive/ds/dataset/S145/001/frames/,6
/content/drive/MyDrive/ds/dataset/S146/001/frames/,5
/content/drive/MyDrive/ds/dataset/S147/001/frames/,6
/content/drive/MyDrive/ds/dataset/S148/001/frames/,1
/content/drive/MyDrive/ds/dataset/S149/001/frames/,0
/content/drive/MyDrive/ds/dataset/S150/001/frames/,0
/content/drive/MyDrive/ds/dataset/S151/001/frames/,5
/content/drive/MyDrive/ds/dataset/S152/001/frames/,5
/content/drive/MyDrive/ds/dataset/S152/002/frames/,5
/content/drive/MyDrive/ds/dataset/S153/001/frames/,3
/content/drive/MyDrive/ds/dataset/S154/001/frames/,5
/content/drive/MyDrive/ds/dataset/S155/001/frames/,0
/content/drive/MyDrive/ds/dataset/S156/001/frames/,5
/content/drive/MyDrive/ds/dataset/S157/001/frames/,7
/content/drive/MyDrive/ds/dataset/S157/002/frames/,7
/content/drive/MyDrive/ds/dataset/S158/001/frames/,7
/content/drive/MyDrive/ds/dataset/S159/001/frames/,7
/content/drive/MyDrive/ds/dataset/S160/001/frames/,4
/content/drive/MyDrive/ds/dataset/S160/002/frames/,6
/content/drive/MyDrive/ds/dataset/S161/001/frames/,2
/content/drive/MyDrive/ds/dataset/S162/001/frames/,1
/content/drive/MyDrive/ds/dataset/S163/001/frames/,7
/content/drive/MyDrive/ds/dataset/S163/002/frames/,7
/content/drive/MyDrive/ds/dataset/S163/003/frames/,7
/content/drive/MyDrive/ds/dataset/S163/004/frames/,7
/content/drive/MyDrive/ds/dataset/S163/005/frames/,7
/content/drive/MyDrive/ds/dataset/S163/006/frames/,7
/content/drive/MyDrive/ds/dataset/S163/007/frames/,7
/content/drive/MyDrive/ds/dataset/S163/008/frames/,5
/content/drive/MyDrive/ds/dataset/S163/009/frames/,0
/content/drive/MyDrive/ds/dataset/S163/010/frames/,5
/content/drive/MyDrive/ds/dataset/S163/011/frames/,5
/content/drive/MyDrive/ds/dataset/S163/012/frames/,3
/content/drive/MyDrive/ds/dataset/S163/013/frames/,7
/content/drive/MyDrive/ds/dataset/S163/014/frames/,7
/content/drive/MyDrive/ds/dataset/S164/001/frames/,1
/content/drive/MyDrive/ds/dataset/S164/002/frames/,1
/content/drive/MyDrive/ds/dataset/S164/003/frames/,1
/content/drive/MyDrive/ds/dataset/S164/004/frames/,1
/content/drive/MyDrive/ds/dataset/S165/001/frames/,0
/content/drive/MyDrive/ds/dataset/S166/001/frames/,0
/content/drive/MyDrive/ds/dataset/S166/002/frames/,2
/content/drive/MyDrive/ds/dataset/S166/003/frames/,5
/content/drive/MyDrive/ds/dataset/S166/004/frames/,2
/content/drive/MyDrive/ds/dataset/S166/005/frames/,2
/content/drive/MyDrive/ds/dataset/S166/006/frames/,1
/content/drive/MyDrive/ds/dataset/S166/007/frames/,1
/content/drive/MyDrive/ds/dataset/S166/008/frames/,1
/content/drive/MyDrive/ds/dataset/S166/009/frames/,2
/content/drive/MyDrive/ds/dataset/S166/010/frames/,2
/content/drive/MyDrive/ds/dataset/S166/011/frames/,1
/content/drive/MyDrive/ds/dataset/S166/012/frames/,5
/content/drive/MyDrive/ds/dataset/S166/013/frames/,2
/content/drive/MyDrive/ds/dataset/S166/014/frames/,1
/content/drive/MyDrive/ds/dataset/S166/015/frames/,0
/content/drive/MyDrive/ds/dataset/S166/016/frames/,4
/content/drive/MyDrive/ds/dataset/S166/017/frames/,2
/content/drive/MyDrive/ds/dataset/S166/018/frames/,5
/content/drive/MyDrive/ds/dataset/S166/019/frames/,1
/content/drive/MyDrive/ds/dataset/S166/020/frames/,1
/content/drive/MyDrive/ds/dataset/S167/001/frames/,0
/content/drive/MyDrive/ds/dataset/S167/002/frames/,6
/content/drive/MyDrive/ds/dataset/S167/003/frames/,4
/content/drive/MyDrive/ds/dataset/S167/004/frames/,4
/content/drive/MyDrive/ds/dataset/S167/005/frames/,6
/content/drive/MyDrive/ds/dataset/S167/006/frames/,5
/content/drive/MyDrive/ds/dataset/S167/007/frames/,6
/content/drive/MyDrive/ds/dataset/S167/008/frames/,6
/content/drive/MyDrive/ds/dataset/S167/009/frames/,6
/content/drive/MyDrive/ds/dataset/S167/010/frames/,7
/content/drive/MyDrive/ds/dataset/S167/011/frames/,7
/content/drive/MyDrive/ds/dataset/S167/012/frames/,4
/content/drive/MyDrive/ds/dataset/S167/013/frames/,2
/content/drive/MyDrive/ds/dataset/S167/014/frames/,4
/content/drive/MyDrive/ds/dataset/S167/015/frames/,7
/content/drive/MyDrive/ds/dataset/S167/016/frames/,0
/content/drive/MyDrive/ds/dataset/S167/017/frames/,6
/content/drive/MyDrive/ds/dataset/S168/001/frames/,5
/content/drive/MyDrive/ds/dataset/S168/002/frames/,5
/content/drive/MyDrive/ds/dataset/S168/003/frames/,0
/content/drive/MyDrive/ds/dataset/S168/004/frames/,5
/content/drive/MyDrive/ds/dataset/S169/001/frames/,7
/content/drive/MyDrive/ds/dataset/S170/001/frames/,0
/content/drive/MyDrive/ds/dataset/S170/002/frames/,0
/content/drive/MyDrive/ds/dataset/S170/003/frames/,6
/content/drive/MyDrive/ds/dataset/S170/004/frames/,6
/content/drive/MyDrive/ds/dataset/S170/005/frames/,5
/content/drive/MyDrive/ds/dataset/S170/006/frames/,0
/content/drive/MyDrive/ds/dataset/S170/007/frames/,4
/content/drive/MyDrive/ds/dataset/S170/008/frames/,7
/content/drive/MyDrive/ds/dataset/S170/009/frames/,0
/content/drive/MyDrive/ds/dataset/S170/010/frames/,5
/content/drive/MyDrive/ds/dataset/S170/011/frames/,6
/content/drive/MyDrive/ds/dataset/S170/012/frames/,6
/content/drive/MyDrive/ds/dataset/S170/013/frames/,0
/content/drive/MyDrive/ds/dataset/S170/014/frames/,4
/content/drive/MyDrive/ds/dataset/S170/015/frames/,5
/content/drive/MyDrive/ds/dataset/S170/016/frames/,4
/content/drive/MyDrive/ds/dataset/S170/017/frames/,5
/content/drive/MyDrive/ds/dataset/S170/018/frames/,5
/content/drive/MyDrive/ds/dataset/S170/019/frames/,5
/content/drive/MyDrive/ds/dataset/S170/020/frames/,7
/content/drive/MyDrive/ds/dataset/S171/001/frames/,5
/content/drive/MyDrive/ds/dataset/S172/001/frames/,7
/content/drive/MyDrive/ds/dataset/S172/002/frames/,7
/content/drive/MyDrive/ds/dataset/S173/001/frames/,2
/content/drive/MyDrive/ds/dataset/S173/002/frames/,3
/content/drive/MyDrive/ds/dataset/S173/003/frames/,3
/content/drive/MyDrive/ds/dataset/S174/001/frames/,0
/content/drive/MyDrive/ds/dataset/S174/002/frames/,5
/content/drive/MyDrive/ds/dataset/S174/003/frames/,5
/content/drive/MyDrive/ds/dataset/S174/004/frames/,5
/content/drive/MyDrive/ds/dataset/S174/005/frames/,5
/content/drive/MyDrive/ds/dataset/S174/006/frames/,5
/content/drive/MyDrive/ds/dataset/S174/007/frames/,5
/content/drive/MyDrive/ds/dataset/S175/001/frames/,5
/content/drive/MyDrive/ds/dataset/S175/002/frames/,5
/content/drive/MyDrive/ds/dataset/S176/001/frames/,1
/content/drive/MyDrive/ds/dataset/S176/002/frames/,5
/content/drive/MyDrive/ds/dataset/S176/003/frames/,1
/content/drive/MyDrive/ds/dataset/S176/004/frames/,1
/content/drive/MyDrive/ds/dataset/S176/005/frames/,1
/content/drive/MyDrive/ds/dataset/S176/006/frames/,5
/content/drive/MyDrive/ds/dataset/S177/001/frames/,4
/content/drive/MyDrive/ds/dataset/S178/001/frames/,7
/content/drive/MyDrive/ds/dataset/S178/002/frames/,7
/content/drive/MyDrive/ds/dataset/S178/003/frames/,1
/content/drive/MyDrive/ds/dataset/S178/004/frames/,7
/content/drive/MyDrive/ds/dataset/S178/005/frames/,4
/content/drive/MyDrive/ds/dataset/S178/006/frames/,4
/content/drive/MyDrive/ds/dataset/S178/007/frames/,4
/content/drive/MyDrive/ds/dataset/S178/008/frames/,4
/content/drive/MyDrive/ds/dataset/S178/009/frames/,4
/content/drive/MyDrive/ds/dataset/S178/010/frames/,7
/content/drive/MyDrive/ds/dataset/S178/011/frames/,7
/content/drive/MyDrive/ds/dataset/S178/012/frames/,7
/content/drive/MyDrive/ds/dataset/S178/013/frames/,1
/content/drive/MyDrive/ds/dataset/S178/014/frames/,6
/content/drive/MyDrive/ds/dataset/S178/015/frames/,7
/content/drive/MyDrive/ds/dataset/S178/016/frames/,6
/content/drive/MyDrive/ds/dataset/S179/001/frames/,1
/content/drive/MyDrive/ds/dataset/S180/001/frames/,4
/content/drive/MyDrive/ds/dataset/S180/002/frames/,5
/content/drive/MyDrive/ds/dataset/S181/001/frames/,0
/content/drive/MyDrive/ds/dataset/S181/002/frames/,0
/content/drive/MyDrive/ds/dataset/S182/001/frames/,0
/content/drive/MyDrive/ds/dataset/S182/002/frames/,1
/content/drive/MyDrive/ds/dataset/S183/001/frames/,5
/content/drive/MyDrive/ds/dataset/S184/001/frames/,5
/content/drive/MyDrive/ds/dataset/S185/001/frames/,5
/content/drive/MyDrive/ds/dataset/S185/002/frames/,5
/content/drive/MyDrive/ds/dataset/S186/001/frames/,5
/content/drive/MyDrive/ds/dataset/S187/001/frames/,3
/content/drive/MyDrive/ds/dataset/S188/001/frames/,1
/content/drive/MyDrive/ds/dataset/S188/002/frames/,1
/content/drive/MyDrive/ds/dataset/S189/001/frames/,4
/content/drive/MyDrive/ds/dataset/S190/001/frames/,5
/content/drive/MyDrive/ds/dataset/S191/001/frames/,3
/content/drive/MyDrive/ds/dataset/S192/001/frames/,4
/content/drive/MyDrive/ds/dataset/S193/001/frames/,7
/content/drive/MyDrive/ds/dataset/S194/001/frames/,3
/content/drive/MyDrive/ds/dataset/S195/001/frames/,3
/content/drive/MyDrive/ds/dataset/S196/001/frames/,7
/content/drive/MyDrive/ds/dataset/S197/001/frames/,0
/content/drive/MyDrive/ds/dataset/S198/001/frames/,4
/content/drive/MyDrive/ds/dataset/S199/001/frames/,0
/content/drive/MyDrive/ds/dataset/S200/001/frames/,7
/content/drive/MyDrive/ds/dataset/S200/002/frames/,2
/content/drive/MyDrive/ds/dataset/S200/003/frames/,0
/content/drive/MyDrive/ds/dataset/S200/004/frames/,0
/content/drive/MyDrive/ds/dataset/S200/005/frames/,2
/content/drive/MyDrive/ds/dataset/S200/006/frames/,2
/content/drive/MyDrive/ds/dataset/S200/007/frames/,2
/content/drive/MyDrive/ds/dataset/S200/008/frames/,0
/content/drive/MyDrive/ds/dataset/S200/009/frames/,2
/content/drive/MyDrive/ds/dataset/S200/010/frames/,2
/content/drive/MyDrive/ds/dataset/S201/001/frames/,2
/content/drive/MyDrive/ds/dataset/S201/002/frames/,3
/content/drive/MyDrive/ds/dataset/S201/003/frames/,2
/content/drive/MyDrive/ds/dataset/S201/004/frames/,3
/content/drive/MyDrive/ds/dataset/S201/005/frames/,3
/content/drive/MyDrive/ds/dataset/S201/006/frames/,3
/content/drive/MyDrive/ds/dataset/S201/007/frames/,7
/content/drive/MyDrive/ds/dataset/S201/008/frames/,7
/content/drive/MyDrive/ds/dataset/S201/009/frames/,7
/content/drive/MyDrive/ds/dataset/S201/010/frames/,7
/content/drive/MyDrive/ds/dataset/S201/011/frames/,4
/content/drive/MyDrive/ds/dataset/S201/012/frames/,7
/content/drive/MyDrive/ds/dataset/S201/013/frames/,7
/content/drive/MyDrive/ds/dataset/S201/014/frames/,2
/content/drive/MyDrive/ds/dataset/S201/015/frames/,3
/content/drive/MyDrive/ds/dataset/S201/016/frames/,3
/content/drive/MyDrive/ds/dataset/S201/017/frames/,7
/content/drive/MyDrive/ds/dataset/S201/018/frames/,3
/content/drive/MyDrive/ds/dataset/S201/019/frames/,5
/content/drive/MyDrive/ds/dataset/S201/020/frames/,5
/content/drive/MyDrive/ds/dataset/S201/021/frames/,7
/content/drive/MyDrive/ds/dataset/S201/022/frames/,3
/content/drive/MyDrive/ds/dataset/S201/023/frames/,3
/content/drive/MyDrive/ds/dataset/S201/024/frames/,2
/content/drive/MyDrive/ds/dataset/S201/025/frames/,7
/content/drive/MyDrive/ds/dataset/S201/026/frames/,3
/content/drive/MyDrive/ds/dataset/S201/027/frames/,1
/content/drive/MyDrive/ds/dataset/S201/028/frames/,1
/content/drive/MyDrive/ds/dataset/S201/029/frames/,2
/content/drive/MyDrive/ds/dataset/S201/030/frames/,3
/content/drive/MyDrive/ds/dataset/S201/031/frames/,3
/content/drive/MyDrive/ds/dataset/S201/032/frames/,1
/content/drive/MyDrive/ds/dataset/S201/033/frames/,3
/content/drive/MyDrive/ds/dataset/S201/034/frames/,7
/content/drive/MyDrive/ds/dataset/S201/035/frames/,1
/content/drive/MyDrive/ds/dataset/S201/036/frames/,3
/content/drive/MyDrive/ds/dataset/S201/037/frames/,3
/content/drive/MyDrive/ds/dataset/S201/038/frames/,5
/content/drive/MyDrive/ds/dataset/S201/039/frames/,3
/content/drive/MyDrive/ds/dataset/S201/040/frames/,1
/content/drive/MyDrive/ds/dataset/S201/041/frames/,7
/content/drive/MyDrive/ds/dataset/S201/042/frames/,7
/content/drive/MyDrive/ds/dataset/S201/043/frames/,5
/content/drive/MyDrive/ds/dataset/S201/044/frames/,7
/content/drive/MyDrive/ds/dataset/S201/045/frames/,7
/content/drive/MyDrive/ds/dataset/S201/046/frames/,7
/content/drive/MyDrive/ds/dataset/S201/047/frames/,1
/content/drive/MyDrive/ds/dataset/S201/048/frames/,5
/content/drive/MyDrive/ds/dataset/S201/049/frames/,2
/content/drive/MyDrive/ds/dataset/S201/050/frames/,5
/content/drive/MyDrive/ds/dataset/S201/051/frames/,6
/content/drive/MyDrive/ds/dataset/S201/052/frames/,3
/content/drive/MyDrive/ds/dataset/S201/053/frames/,7
/content/drive/MyDrive/ds/dataset/S201/054/frames/,3
/content/drive/MyDrive/ds/dataset/S201/055/frames/,5
/content/drive/MyDrive/ds/dataset/S201/056/frames/,2
/content/drive/MyDrive/ds/dataset/S201/057/frames/,2
/content/drive/MyDrive/ds/dataset/S201/058/frames/,3
/content/drive/MyDrive/ds/dataset/S202/001/frames/,3
/content/drive/MyDrive/ds/dataset/S203/001/frames/,7
/content/drive/MyDrive/ds/dataset/S204/001/frames/,3
/content/drive/MyDrive/ds/dataset/S205/001/frames/,7
/content/drive/MyDrive/ds/dataset/S206/001/frames/,5
/content/drive/MyDrive/ds/dataset/S207/001/frames/,5
/content/drive/MyDrive/ds/dataset/S208/001/frames/,3
/content/drive/MyDrive/ds/dataset/S209/001/frames/,5
/content/drive/MyDrive/ds/dataset/S209/002/frames/,5
/content/drive/MyDrive/ds/dataset/S209/003/frames/,5
/content/drive/MyDrive/ds/dataset/S209/004/frames/,5
/content/drive/MyDrive/ds/dataset/S210/001/frames/,1
/content/drive/MyDrive/ds/dataset/S210/002/frames/,6
/content/drive/MyDrive/ds/dataset/S210/003/frames/,0
/content/drive/MyDrive/ds/dataset/S210/004/frames/,0
/content/drive/MyDrive/ds/dataset/S210/005/frames/,5
/content/drive/MyDrive/ds/dataset/S210/006/frames/,0
/content/drive/MyDrive/ds/dataset/S210/007/frames/,5
/content/drive/MyDrive/ds/dataset/S210/008/frames/,0
/content/drive/MyDrive/ds/dataset/S210/009/frames/,4
/content/drive/MyDrive/ds/dataset/S210/010/frames/,1
/content/drive/MyDrive/ds/dataset/S210/011/frames/,1
/content/drive/MyDrive/ds/dataset/S210/012/frames/,5
/content/drive/MyDrive/ds/dataset/S210/013/frames/,1
/content/drive/MyDrive/ds/dataset/S211/001/frames/,0
/content/drive/MyDrive/ds/dataset/S211/002/frames/,7
/content/drive/MyDrive/ds/dataset/S211/003/frames/,7
/content/drive/MyDrive/ds/dataset/S211/004/frames/,0
/content/drive/MyDrive/ds/dataset/S211/005/frames/,0
/content/drive/MyDrive/ds/dataset/S211/006/frames/,0
/content/drive/MyDrive/ds/dataset/S211/007/frames/,5
/content/drive/MyDrive/ds/dataset/S211/008/frames/,5
/content/drive/MyDrive/ds/dataset/S211/009/frames/,5
/content/drive/MyDrive/ds/dataset/S211/010/frames/,2
/content/drive/MyDrive/ds/dataset/S211/011/frames/,5
/content/drive/MyDrive/ds/dataset/S211/012/frames/,0
/content/drive/MyDrive/ds/dataset/S211/013/frames/,5
/content/drive/MyDrive/ds/dataset/S211/014/frames/,0
/content/drive/MyDrive/ds/dataset/S211/015/frames/,0
/content/drive/MyDrive/ds/dataset/S211/016/frames/,1
/content/drive/MyDrive/ds/dataset/S211/017/frames/,0
/content/drive/MyDrive/ds/dataset/S211/018/frames/,0
/content/drive/MyDrive/ds/dataset/S211/019/frames/,0
/content/drive/MyDrive/ds/dataset/S211/020/frames/,0
/content/drive/MyDrive/ds/dataset/S211/021/frames/,0
/content/drive/MyDrive/ds/dataset/S211/022/frames/,5
/content/drive/MyDrive/ds/dataset/S211/023/frames/,4
/content/drive/MyDrive/ds/dataset/S211/024/frames/,4
/content/drive/MyDrive/ds/dataset/S211/025/frames/,4
/content/drive/MyDrive/ds/dataset/S211/026/frames/,4
/content/drive/MyDrive/ds/dataset/S211/027/frames/,1
/content/drive/MyDrive/ds/dataset/S211/028/frames/,4
/content/drive/MyDrive/ds/dataset/S211/029/frames/,1
/content/drive/MyDrive/ds/dataset/S211/030/frames/,4
/content/drive/MyDrive/ds/dataset/S211/031/frames/,1
/content/drive/MyDrive/ds/dataset/S211/032/frames/,1
/content/drive/MyDrive/ds/dataset/S211/033/frames/,4
/content/drive/MyDrive/ds/dataset/S211/034/frames/,6
/content/drive/MyDrive/ds/dataset/S211/035/frames/,4
/content/drive/MyDrive/ds/dataset/S211/036/frames/,7
/content/drive/MyDrive/ds/dataset/S211/037/frames/,1
/content/drive/MyDrive/ds/dataset/S211/038/frames/,4
/content/drive/MyDrive/ds/dataset/S211/039/frames/,4
/content/drive/MyDrive/ds/dataset/S211/040/frames/,0
/content/drive/MyDrive/ds/dataset/S211/041/frames/,6
/content/drive/MyDrive/ds/dataset/S211/042/frames/,6
/content/drive/MyDrive/ds/dataset/S211/043/frames/,4
/content/drive/MyDrive/ds/dataset/S211/044/frames/,6
/content/drive/MyDrive/ds/dataset/S211/045/frames/,4
/content/drive/MyDrive/ds/dataset/S212/001/frames/,1
/content/drive/MyDrive/ds/dataset/S213/001/frames/,5
/content/drive/MyDrive/ds/dataset/S213/002/frames/,0
/content/drive/MyDrive/ds/dataset/S214/001/frames/,4
/content/drive/MyDrive/ds/dataset/S215/001/frames/,5
/content/drive/MyDrive/ds/dataset/S216/001/frames/,5
/content/drive/MyDrive/ds/dataset/S217/001/frames/,5
/content/drive/MyDrive/ds/dataset/S218/001/frames/,1
/content/drive/MyDrive/ds/dataset/S219/001/frames/,5
/content/drive/MyDrive/ds/dataset/S219/002/frames/,0
/content/drive/MyDrive/ds/dataset/S219/003/frames/,0
/content/drive/MyDrive/ds/dataset/S219/004/frames/,7
/content/drive/MyDrive/ds/dataset/S219/005/frames/,7
/content/drive/MyDrive/ds/dataset/S219/006/frames/,0
/content/drive/MyDrive/ds/dataset/S220/001/frames/,5
/content/drive/MyDrive/ds/dataset/S220/002/frames/,5
/content/drive/MyDrive/ds/dataset/S220/003/frames/,7
/content/drive/MyDrive/ds/dataset/S221/001/frames/,1
/content/drive/MyDrive/ds/dataset/S221/002/frames/,1
/content/drive/MyDrive/ds/dataset/S222/001/frames/,5
/content/drive/MyDrive/ds/dataset/S222/002/frames/,6
/content/drive/MyDrive/ds/dataset/S222/003/frames/,7
/content/drive/MyDrive/ds/dataset/S223/001/frames/,6
/content/drive/MyDrive/ds/dataset/S223/002/frames/,6
/content/drive/MyDrive/ds/dataset/S223/003/frames/,6
/content/drive/MyDrive/ds/dataset/S224/001/frames/,5
/content/drive/MyDrive/ds/dataset/S224/002/frames/,1
/content/drive/MyDrive/ds/dataset/S224/003/frames/,5
/content/drive/MyDrive/ds/dataset/S225/001/frames/,5
/content/drive/MyDrive/ds/dataset/S225/002/frames/,5
/content/drive/MyDrive/ds/dataset/S226/001/frames/,1
/content/drive/MyDrive/ds/dataset/S226/002/frames/,5
/content/drive/MyDrive/ds/dataset/S226/003/frames/,0
/content/drive/MyDrive/ds/dataset/S226/004/frames/,6
/content/drive/MyDrive/ds/dataset/S226/005/frames/,7
/content/drive/MyDrive/ds/dataset/S226/006/frames/,5
/content/drive/MyDrive/ds/dataset/S227/001/frames/,6
/content/drive/MyDrive/ds/dataset/S227/002/frames/,0
/content/drive/MyDrive/ds/dataset/S227/003/frames/,0
/content/drive/MyDrive/ds/dataset/S228/001/frames/,4
/content/drive/MyDrive/ds/dataset/S228/002/frames/,5
/content/drive/MyDrive/ds/dataset/S229/001/frames/,5
/content/drive/MyDrive/ds/dataset/S230/001/frames/,6
/content/drive/MyDrive/ds/dataset/S231/001/frames/,0
/content/drive/MyDrive/ds/dataset/S232/001/frames/,0
/content/drive/MyDrive/ds/dataset/S233/001/frames/,5
/content/drive/MyDrive/ds/dataset/S233/002/frames/,7
/content/drive/MyDrive/ds/dataset/S233/003/frames/,6
/content/drive/MyDrive/ds/dataset/S233/004/frames/,5
/content/drive/MyDrive/ds/dataset/S234/001/frames/,0
/content/drive/MyDrive/ds/dataset/S234/002/frames/,6
/content/drive/MyDrive/ds/dataset/S234/003/frames/,6
/content/drive/MyDrive/ds/dataset/S234/004/frames/,1
/content/drive/MyDrive/ds/dataset/S234/005/frames/,1
/content/drive/MyDrive/ds/dataset/S234/006/frames/,6
/content/drive/MyDrive/ds/dataset/S234/007/frames/,5
/content/drive/MyDrive/ds/dataset/S234/008/frames/,1
/content/drive/MyDrive/ds/dataset/S234/009/frames/,0
/content/drive/MyDrive/ds/dataset/S234/010/frames/,7
/content/drive/MyDrive/ds/dataset/S234/011/frames/,6
/content/drive/MyDrive/ds/dataset/S234/012/frames/,7
/content/drive/MyDrive/ds/dataset/S234/013/frames/,6
/content/drive/MyDrive/ds/dataset/S234/014/frames/,6
/content/drive/MyDrive/ds/dataset/S234/015/frames/,7
/content/drive/MyDrive/ds/dataset/S234/016/frames/,5
/content/drive/MyDrive/ds/dataset/S235/001/frames/,6
/content/drive/MyDrive/ds/dataset/S235/002/frames/,3
/content/drive/MyDrive/ds/dataset/S235/003/frames/,1
/content/drive/MyDrive/ds/dataset/S235/004/frames/,7
/content/drive/MyDrive/ds/dataset/S235/005/frames/,5
/content/drive/MyDrive/ds/dataset/S235/006/frames/,6
/content/drive/MyDrive/ds/dataset/S235/007/frames/,1
/content/drive/MyDrive/ds/dataset/S235/008/frames/,1
/content/drive/MyDrive/ds/dataset/S236/001/frames/,4
/content/drive/MyDrive/ds/dataset/S236/002/frames/,0
/content/drive/MyDrive/ds/dataset/S236/003/frames/,0
/content/drive/MyDrive/ds/dataset/S236/004/frames/,6
/content/drive/MyDrive/ds/dataset/S236/005/frames/,6
/content/drive/MyDrive/ds/dataset/S236/006/frames/,5
/content/drive/MyDrive/ds/dataset/S236/007/frames/,7
/content/drive/MyDrive/ds/dataset/S236/008/frames/,5
/content/drive/MyDrive/ds/dataset/S236/009/frames/,7
/content/drive/MyDrive/ds/dataset/S236/010/frames/,5
/content/drive/MyDrive/ds/dataset/S236/011/frames/,0
/content/drive/MyDrive/ds/dataset/S237/001/frames/,7
/content/drive/MyDrive/ds/dataset/S237/002/frames/,1
/content/drive/MyDrive/ds/dataset/S237/003/frames/,0
/content/drive/MyDrive/ds/dataset/S237/004/frames/,5
/content/drive/MyDrive/ds/dataset/S237/005/frames/,7
/content/drive/MyDrive/ds/dataset/S237/006/frames/,7
/content/drive/MyDrive/ds/dataset/S237/007/frames/,1
/content/drive/MyDrive/ds/dataset/S237/008/frames/,1
/content/drive/MyDrive/ds/dataset/S238/001/frames/,0
/content/drive/MyDrive/ds/dataset/S238/002/frames/,5
/content/drive/MyDrive/ds/dataset/S238/003/frames/,0
/content/drive/MyDrive/ds/dataset/S238/004/frames/,0
/content/drive/MyDrive/ds/dataset/S238/005/frames/,1
/content/drive/MyDrive/ds/dataset/S238/006/frames/,7
/content/drive/MyDrive/ds/dataset/S238/007/frames/,5
/content/drive/MyDrive/ds/dataset/S238/008/frames/,5
/content/drive/MyDrive/ds/dataset/S238/009/frames/,0
/content/drive/MyDrive/ds/dataset/S238/010/frames/,1
/content/drive/MyDrive/ds/dataset/S238/011/frames/,1
/content/drive/MyDrive/ds/dataset/S238/012/frames/,1
/content/drive/MyDrive/ds/dataset/S238/013/frames/,1
/content/drive/MyDrive/ds/dataset/S238/014/frames/,5
/content/drive/MyDrive/ds/dataset/S238/015/frames/,0
/content/drive/MyDrive/ds/dataset/S238/016/frames/,5
/content/drive/MyDrive/ds/dataset/S239/001/frames/,7
/content/drive/MyDrive/ds/dataset/S239/002/frames/,4
/content/drive/MyDrive/ds/dataset/S239/003/frames/,5
/content/drive/MyDrive/ds/dataset/S239/004/frames/,5
/content/drive/MyDrive/ds/dataset/S239/005/frames/,7
/content/drive/MyDrive/ds/dataset/S239/006/frames/,0
/content/drive/MyDrive/ds/dataset/S239/007/frames/,2
/content/drive/MyDrive/ds/dataset/S239/008/frames/,2
/content/drive/MyDrive/ds/dataset/S239/009/frames/,0
/content/drive/MyDrive/ds/dataset/S239/010/frames/,7
/content/drive/MyDrive/ds/dataset/S239/011/frames/,1
/content/drive/MyDrive/ds/dataset/S239/012/frames/,5
/content/drive/MyDrive/ds/dataset/S239/013/frames/,5
/content/drive/MyDrive/ds/dataset/S239/014/frames/,6
/content/drive/MyDrive/ds/dataset/S239/015/frames/,7
/content/drive/MyDrive/ds/dataset/S239/016/frames/,7
/content/drive/MyDrive/ds/dataset/S239/017/frames/,1
/content/drive/MyDrive/ds/dataset/S239/018/frames/,5
/content/drive/MyDrive/ds/dataset/S239/019/frames/,5
/content/drive/MyDrive/ds/dataset/S239/020/frames/,5
/content/drive/MyDrive/ds/dataset/S239/021/frames/,5
/content/drive/MyDrive/ds/dataset/S239/022/frames/,5
/content/drive/MyDrive/ds/dataset/S239/023/frames/,5
/content/drive/MyDrive/ds/dataset/S239/024/frames/,5
/content/drive/MyDrive/ds/dataset/S240/001/frames/,7
/content/drive/MyDrive/ds/dataset/S240/002/frames/,0
/content/drive/MyDrive/ds/dataset/S240/003/frames/,6
/content/drive/MyDrive/ds/dataset/S240/004/frames/,7
/content/drive/MyDrive/ds/dataset/S240/005/frames/,7
/content/drive/MyDrive/ds/dataset/S241/001/frames/,1
/content/drive/MyDrive/ds/dataset/S241/002/frames/,6
/content/drive/MyDrive/ds/dataset/S241/003/frames/,3
/content/drive/MyDrive/ds/dataset/S241/004/frames/,5
/content/drive/MyDrive/ds/dataset/S241/005/frames/,7
/content/drive/MyDrive/ds/dataset/S241/006/frames/,5
/content/drive/MyDrive/ds/dataset/S241/007/frames/,1
/content/drive/MyDrive/ds/dataset/S241/008/frames/,5
/content/drive/MyDrive/ds/dataset/S241/009/frames/,7
/content/drive/MyDrive/ds/dataset/S241/010/frames/,7
/content/drive/MyDrive/ds/dataset/S241/011/frames/,2
/content/drive/MyDrive/ds/dataset/S242/001/frames/,0
/content/drive/MyDrive/ds/dataset/S242/002/frames/,7
/content/drive/MyDrive/ds/dataset/S242/003/frames/,7
/content/drive/MyDrive/ds/dataset/S242/004/frames/,0
/content/drive/MyDrive/ds/dataset/S242/005/frames/,7
/content/drive/MyDrive/ds/dataset/S242/006/frames/,0
/content/drive/MyDrive/ds/dataset/S242/007/frames/,5
/content/drive/MyDrive/ds/dataset/S242/008/frames/,5
/content/drive/MyDrive/ds/dataset/S242/009/frames/,5
/content/drive/MyDrive/ds/dataset/S242/010/frames/,6
/content/drive/MyDrive/ds/dataset/S242/011/frames/,5
/content/drive/MyDrive/ds/dataset/S242/012/frames/,5
/content/drive/MyDrive/ds/dataset/S242/013/frames/,5
/content/drive/MyDrive/ds/dataset/S242/014/frames/,5
/content/drive/MyDrive/ds/dataset/S242/015/frames/,6
/content/drive/MyDrive/ds/dataset/S242/016/frames/,6
/content/drive/MyDrive/ds/dataset/S242/017/frames/,0
/content/drive/MyDrive/ds/dataset/S243/001/frames/,0
/content/drive/MyDrive/ds/dataset/S243/002/frames/,0
/content/drive/MyDrive/ds/dataset/S243/003/frames/,5
/content/drive/MyDrive/ds/dataset/S243/004/frames/,5
/content/drive/MyDrive/ds/dataset/S243/005/frames/,5
/content/drive/MyDrive/ds/dataset/S243/006/frames/,5
/content/drive/MyDrive/ds/dataset/S244/001/frames/,5
/content/drive/MyDrive/ds/dataset/S244/002/frames/,6
/content/drive/MyDrive/ds/dataset/S244/003/frames/,6
/content/drive/MyDrive/ds/dataset/S244/004/frames/,6
/content/drive/MyDrive/ds/dataset/S244/005/frames/,1
/content/drive/MyDrive/ds/dataset/S244/006/frames/,7
/content/drive/MyDrive/ds/dataset/S244/007/frames/,6
/content/drive/MyDrive/ds/dataset/S244/008/frames/,5
/content/drive/MyDrive/ds/dataset/S244/009/frames/,7
/content/drive/MyDrive/ds/dataset/S244/010/frames/,0
/content/drive/MyDrive/ds/dataset/S244/011/frames/,5
/content/drive/MyDrive/ds/dataset/S244/012/frames/,6
/content/drive/MyDrive/ds/dataset/S244/013/frames/,7
/content/drive/MyDrive/ds/dataset/S244/014/frames/,5
/content/drive/MyDrive/ds/dataset/S244/015/frames/,5
/content/drive/MyDrive/ds/dataset/S244/016/frames/,0
/content/drive/MyDrive/ds/dataset/S244/017/frames/,5
/content/drive/MyDrive/ds/dataset/S244/018/frames/,5
/content/drive/MyDrive/ds/dataset/S244/019/frames/,5
/content/drive/MyDrive/ds/dataset/S244/020/frames/,5
/content/drive/MyDrive/ds/dataset/S244/021/frames/,5
/content/drive/MyDrive/ds/dataset/S244/022/frames/,5
/content/drive/MyDrive/ds/dataset/S244/023/frames/,0
/content/drive/MyDrive/ds/dataset/S244/024/frames/,0
/content/drive/MyDrive/ds/dataset/S245/001/frames/,1
/content/drive/MyDrive/ds/dataset/S245/002/frames/,2
/content/drive/MyDrive/ds/dataset/S245/003/frames/,0
/content/drive/MyDrive/ds/dataset/S245/004/frames/,3
/content/drive/MyDrive/ds/dataset/S246/001/frames/,5
/content/drive/MyDrive/ds/dataset/S246/002/frames/,6
/content/drive/MyDrive/ds/dataset/S246/003/frames/,5
/content/drive/MyDrive/ds/dataset/S247/001/frames/,0
/content/drive/MyDrive/ds/dataset/S247/002/frames/,1
/content/drive/MyDrive/ds/dataset/S248/001/frames/,7
/content/drive/MyDrive/ds/dataset/S249/001/frames/,5
/content/drive/MyDrive/ds/dataset/S250/001/frames/,6
/content/drive/MyDrive/ds/dataset/S250/002/frames/,5
/content/drive/MyDrive/ds/dataset/S250/003/frames/,1
/content/drive/MyDrive/ds/dataset/S251/001/frames/,5
/content/drive/MyDrive/ds/dataset/S251/002/frames/,7
/content/drive/MyDrive/ds/dataset/S251/003/frames/,1
/content/drive/MyDrive/ds/dataset/S251/004/frames/,1
/content/drive/MyDrive/ds/dataset/S251/005/frames/,1
/content/drive/MyDrive/ds/dataset/S251/006/frames/,0
/content/drive/MyDrive/ds/dataset/S251/007/frames/,0
/content/drive/MyDrive/ds/dataset/S251/008/frames/,0
/content/drive/MyDrive/ds/dataset/S252/001/frames/,7
/content/drive/MyDrive/ds/dataset/S253/001/frames/,0
/content/drive/MyDrive/ds/dataset/S254/001/frames/,1
/content/drive/MyDrive/ds/dataset/S254/002/frames/,6
/content/drive/MyDrive/ds/dataset/S255/001/frames/,6
/content/drive/MyDrive/ds/dataset/S256/001/frames/,7
/content/drive/MyDrive/ds/dataset/S256/002/frames/,5
/content/drive/MyDrive/ds/dataset/S256/003/frames/,5
/content/drive/MyDrive/ds/dataset/S256/004/frames/,1
/content/drive/MyDrive/ds/dataset/S256/005/frames/,1
/content/drive/MyDrive/ds/dataset/S256/006/frames/,7
/content/drive/MyDrive/ds/dataset/S256/007/frames/,7
/content/drive/MyDrive/ds/dataset/S256/008/frames/,5
/content/drive/MyDrive/ds/dataset/S257/001/frames/,5
/content/drive/MyDrive/ds/dataset/S257/002/frames/,5
/content/drive/MyDrive/ds/dataset/S258/001/frames/,7
/content/drive/MyDrive/ds/dataset/S258/002/frames/,5
/content/drive/MyDrive/ds/dataset/S258/003/frames/,5
/content/drive/MyDrive/ds/dataset/S259/001/frames/,5
/content/drive/MyDrive/ds/dataset/S260/001/frames/,2
/content/drive/MyDrive/ds/dataset/S260/002/frames/,0
/content/drive/MyDrive/ds/dataset/S261/001/frames/,6
/content/drive/MyDrive/ds/dataset/S262/001/frames/,1
/content/drive/MyDrive/ds/dataset/S263/001/frames/,5
/content/drive/MyDrive/ds/dataset/S264/001/frames/,1
/content/drive/MyDrive/ds/dataset/S265/001/frames/,7
/content/drive/MyDrive/ds/dataset/S266/001/frames/,7
/content/drive/MyDrive/ds/dataset/S267/001/frames/,1
/content/drive/MyDrive/ds/dataset/S268/001/frames/,6
/content/drive/MyDrive/ds/dataset/S268/002/frames/,0
/content/drive/MyDrive/ds/dataset/S268/003/frames/,1
/content/drive/MyDrive/ds/dataset/S268/004/frames/,0
/content/drive/MyDrive/ds/dataset/S268/005/frames/,0
/content/drive/MyDrive/ds/dataset/S269/001/frames/,1
/content/drive/MyDrive/ds/dataset/S269/002/frames/,0
/content/drive/MyDrive/ds/dataset/S269/003/frames/,6
/content/drive/MyDrive/ds/dataset/S269/004/frames/,6
/content/drive/MyDrive/ds/dataset/S269/005/frames/,6
/content/drive/MyDrive/ds/dataset/S269/006/frames/,6
/content/drive/MyDrive/ds/dataset/S269/007/frames/,6
/content/drive/MyDrive/ds/dataset/S269/008/frames/,1
/content/drive/MyDrive/ds/dataset/S269/009/frames/,7
/content/drive/MyDrive/ds/dataset/S270/001/frames/,5
/content/drive/MyDrive/ds/dataset/S270/002/frames/,6
/content/drive/MyDrive/ds/dataset/S270/003/frames/,6
/content/drive/MyDrive/ds/dataset/S270/004/frames/,6
/content/drive/MyDrive/ds/dataset/S270/005/frames/,6
/content/drive/MyDrive/ds/dataset/S270/006/frames/,0
/content/drive/MyDrive/ds/dataset/S270/007/frames/,1
/content/drive/MyDrive/ds/dataset/S270/008/frames/,1
/content/drive/MyDrive/ds/dataset/S270/009/frames/,1
/content/drive/MyDrive/ds/dataset/S270/010/frames/,6
/content/drive/MyDrive/ds/dataset/S270/011/frames/,0
/content/drive/MyDrive/ds/dataset/S270/012/frames/,6
/content/drive/MyDrive/ds/dataset/S270/013/frames/,7
/content/drive/MyDrive/ds/dataset/S270/014/frames/,4
/content/drive/MyDrive/ds/dataset/S270/015/frames/,5
/content/drive/MyDrive/ds/dataset/S271/001/frames/,7
/content/drive/MyDrive/ds/dataset/S271/002/frames/,6
/content/drive/MyDrive/ds/dataset/S271/003/frames/,7
/content/drive/MyDrive/ds/dataset/S271/004/frames/,0
/content/drive/MyDrive/ds/dataset/S271/005/frames/,0
/content/drive/MyDrive/ds/dataset/S271/006/frames/,0
/content/drive/MyDrive/ds/dataset/S271/007/frames/,5
/content/drive/MyDrive/ds/dataset/S271/008/frames/,6
/content/drive/MyDrive/ds/dataset/S271/009/frames/,6
/content/drive/MyDrive/ds/dataset/S271/010/frames/,5
/content/drive/MyDrive/ds/dataset/S271/011/frames/,1
/content/drive/MyDrive/ds/dataset/S271/012/frames/,1
/content/drive/MyDrive/ds/dataset/S271/013/frames/,0
/content/drive/MyDrive/ds/dataset/S271/014/frames/,1
/content/drive/MyDrive/ds/dataset/S272/001/frames/,1
/content/drive/MyDrive/ds/dataset/S272/002/frames/,1
/content/drive/MyDrive/ds/dataset/S273/001/frames/,5
/content/drive/MyDrive/ds/dataset/S273/002/frames/,1
/content/drive/MyDrive/ds/dataset/S273/003/frames/,6
/content/drive/MyDrive/ds/dataset/S273/004/frames/,5
/content/drive/MyDrive/ds/dataset/S273/005/frames/,0
/content/drive/MyDrive/ds/dataset/S273/006/frames/,7
/content/drive/MyDrive/ds/dataset/S273/007/frames/,5
/content/drive/MyDrive/ds/dataset/S273/008/frames/,0
/content/drive/MyDrive/ds/dataset/S273/009/frames/,6
/content/drive/MyDrive/ds/dataset/S273/010/frames/,6
/content/drive/MyDrive/ds/dataset/S273/011/frames/,0
/content/drive/MyDrive/ds/dataset/S274/001/frames/,6
/content/drive/MyDrive/ds/dataset/S274/002/frames/,1
/content/drive/MyDrive/ds/dataset/S274/003/frames/,1
/content/drive/MyDrive/ds/dataset/S274/004/frames/,5
/content/drive/MyDrive/ds/dataset/S274/005/frames/,3
/content/drive/MyDrive/ds/dataset/S274/006/frames/,5
/content/drive/MyDrive/ds/dataset/S274/007/frames/,0
/content/drive/MyDrive/ds/dataset/S275/001/frames/,7
/content/drive/MyDrive/ds/dataset/S275/002/frames/,6
/content/drive/MyDrive/ds/dataset/S275/003/frames/,6
/content/drive/MyDrive/ds/dataset/S275/004/frames/,5
/content/drive/MyDrive/ds/dataset/S275/005/frames/,1
/content/drive/MyDrive/ds/dataset/S275/006/frames/,6
/content/drive/MyDrive/ds/dataset/S275/007/frames/,6
/content/drive/MyDrive/ds/dataset/S275/008/frames/,2
/content/drive/MyDrive/ds/dataset/S275/009/frames/,1
/content/drive/MyDrive/ds/dataset/S275/010/frames/,1
/content/drive/MyDrive/ds/dataset/S275/011/frames/,1
/content/drive/MyDrive/ds/dataset/S275/012/frames/,6
/content/drive/MyDrive/ds/dataset/S275/013/frames/,5
/content/drive/MyDrive/ds/dataset/S275/014/frames/,6
/content/drive/MyDrive/ds/dataset/S276/001/frames/,5
/content/drive/MyDrive/ds/dataset/S276/002/frames/,5
/content/drive/MyDrive/ds/dataset/S277/001/frames/,0
/content/drive/MyDrive/ds/dataset/S278/001/frames/,0
/content/drive/MyDrive/ds/dataset/S278/002/frames/,6
/content/drive/MyDrive/ds/dataset/S278/003/frames/,7
/content/drive/MyDrive/ds/dataset/S279/001/frames/,4
/content/drive/MyDrive/ds/dataset/S279/002/frames/,0
/content/drive/MyDrive/ds/dataset/S280/001/frames/,7
/content/drive/MyDrive/ds/dataset/S280/002/frames/,5
/content/drive/MyDrive/ds/dataset/S280/003/frames/,5
/content/drive/MyDrive/ds/dataset/S280/004/frames/,0
/content/drive/MyDrive/ds/dataset/S280/005/frames/,0
/content/drive/MyDrive/ds/dataset/S280/006/frames/,3
/content/drive/MyDrive/ds/dataset/S280/007/frames/,7
/content/drive/MyDrive/ds/dataset/S280/008/frames/,7
/content/drive/MyDrive/ds/dataset/S280/009/frames/,7
/content/drive/MyDrive/ds/dataset/S281/001/frames/,7
/content/drive/MyDrive/ds/dataset/S281/002/frames/,2
/content/drive/MyDrive/ds/dataset/S281/003/frames/,1
/content/drive/MyDrive/ds/dataset/S282/001/frames/,0
/content/drive/MyDrive/ds/dataset/S282/002/frames/,5
/content/drive/MyDrive/ds/dataset/S282/003/frames/,1
/content/drive/MyDrive/ds/dataset/S282/004/frames/,1
/content/drive/MyDrive/ds/dataset/S283/001/frames/,5
/content/drive/MyDrive/ds/dataset/S284/001/frames/,7
/content/drive/MyDrive/ds/dataset/S284/002/frames/,7
/content/drive/MyDrive/ds/dataset/S285/001/frames/,0
/content/drive/MyDrive/ds/dataset/S285/002/frames/,0
/content/drive/MyDrive/ds/dataset/S286/001/frames/,0
/content/drive/MyDrive/ds/dataset/S286/002/frames/,7
